Industry,Stock
bds,VIC
bds,NVL
bds,REE
bds,SDI
bds,KDH
bds,PDR
bds,HAG
bds,KBC
bds,DXG
bds,NHN
bds,DIG
bds,NLG
bds,FLC
bds,QCG
bds,SJS
bds,ITA
bds,HDG
bds,SCR
bds,IDI
bds,NBB
bds,CEO
bds,IJC
bds,HQC
bds,TDH
bds,SGR
bds,SHN
bds,DLG
bds,ITC
bds,DRH
bds,LCG
bds,HDC
bds,TDC
bds,SZL
bds,NTL
bds,D2D
bds,OGC
bds,VPH
bds,IDV
bds,LEC
bds,KAC
bds,LHG
bds,NDN
bds,LGL
bds,SC5
bds,NVT
bds,TIG
bds,TKC
bds,UIC
bds,SDU
bds,RCL
bds,RCD
bds,DTA
bds,NHA
bds,UDC
bds,PVL
bds,VCR
bds,CLG
bds,PPI
bds,VNI
bds,D11
bds,IDJ
bds,PFL
bds,DLR
caosu,HNG
caosu,PHR
caosu,DRC
caosu,DPR
caosu,BRR
caosu,CSM
caosu,HRC
caosu,RTB
caosu,DRI
caosu,TRC
caosu,SRC
caosu,TNC
caosu,VHG
caosu,RCD
caosu,RBC
caosu,BRC
caosu,VRG
caosu,CDR
ck,SSI
ck,VCI
ck,HCM
ck,VND
ck,KLB
ck,SHS
ck,MBS
ck,BVS
ck,BSI
ck,AGR
ck,FTS
ck,CTS
ck,VIX
ck,VDS
ck,TVS
ck,FSC
ck,IVS
ck,TVB
ck,PSI
ck,SBS
ck,WSS
ck,APS
ck,HAC
ck,VIG
ck,HBS
ck,APG
congnghe,FPT
congnghe,FOX
congnghe,CMG
congnghe,SAM
congnghe,ELC
congnghe,SGT
congnghe,ST8
congnghe,POT
congnghe,CNC
congnghe,ABC
congnghe,VEC
congnghe,ITD
congnghe,TTN
congnghe,SMT
congnghe,UNI
congnghe,CNN
congnghe,CMT
congnghe,CKV
congnghe,SVT
congnghe,HPT
congnghe,KST
congnghe,ADC
congnghe,IFC
congnghe,ONE
congnghe,VTC
congnghe,TTZ
congnghe,TST
congnghe,SRA
congnghe,VIE
congnghe,VLA
congnghe,VAT
congnghe,LTC
dichvu,VEF
dichvu,DL1
dichvu,PAN
dichvu,SKG
dichvu,OCH
dichvu,VNG
dichvu,HAX
dichvu,BTV
dichvu,TCT
dichvu,DSN
dichvu,SGH
dichvu,MSC
dichvu,BDP
dichvu,VTG
dichvu,HOT
dichvu,DCD
dichvu,HES
dichvu,FDT
dichvu,TTR
dichvu,CMS
dichvu,VIR
dichvu,DLD
dichvu,PDC
dichvu,VCM
dichvu,MTC
dichvu,BSC
dichvu,CPH
dichvu,BRS
dichvu,CTC
dichvu,DLT
dichvu,MVY
dvci,BWE
dvci,VCW
dvci,DNW
dvci,TTD
dvci,SWC
dvci,HPW
dvci,TDM
dvci,KHW
dvci,PWS
dvci,CMW
dvci,TNW
dvci,QNU
dvci,MPY
dvci,UPC
dvci,PYU
duocpham,DHG
duocpham,DVN
duocpham,TRA
duocpham,DMC
duocpham,IMP
duocpham,DGC
duocpham,CSV
duocpham,DGL
duocpham,OPC
duocpham,DCL
duocpham,HAI
duocpham,DHT
duocpham,VFG
duocpham,PMC
duocpham,DP3
duocpham,JVC
duocpham,AMV
duocpham,VPS
duocpham,VMD
duocpham,UPH
duocpham,AMP
duocpham,LDP
duocpham,DP2
duocpham,DHD
duocpham,DBT
duocpham,NDP
duocpham,CPC
duocpham,NDC
duocpham,DDN
duocpham,HDP
duocpham,DNM
duocpham,DTG
duocpham,CGP
duocpham,CEC
duocpham,PPP
duocpham,MKV
duocpham,DCI
duocpham,DBM
duocpham,MTP
duocpham,TW3
duocpham,BCP
giaoduc,DBD
giaoduc,VNB
giaoduc,PNC
giaoduc,DST
giaoduc,EID
giaoduc,SED
giaoduc,STC
giaoduc,BED
giaoduc,EBS
giaoduc,DAD
giaoduc,ALT
giaoduc,SGD
giaoduc,SMN
giaoduc,EFI
giaoduc,ECI
giaoduc,DAE
giaoduc,HBE
giaoduc,HTP
giaoduc,LBE
giaoduc,QST
giaoduc,TPH
giaoduc,BST
giaoduc,HEV
giaoduc,BDB
giaoduc,HST
hk,ACV
hk,VJC
hk,HVN
hk,SAS
hk,SGN
hk,NCT
hk,NCS
hk,MAS
hk,NAS
hk,ARM
khoangsan,MSR
khoangsan,SQC
khoangsan,KSV
khoangsan,KSB
khoangsan,AMD
khoangsan,MVB
khoangsan,HGM
khoangsan,LBM
khoangsan,NBC
khoangsan,FCM
khoangsan,TVD
khoangsan,MTA
khoangsan,CCM
khoangsan,BMC
khoangsan,THT
khoangsan,TDN
khoangsan,TC6
khoangsan,KSH
khoangsan,TCS
khoangsan,KSA
khoangsan,YBC
khoangsan,MDC
khoangsan,BKC
khoangsan,DHM
khoangsan,VBG
khoangsan,ACM
khoangsan,MTM
khoangsan,AMC
khoangsan,HPM
khoangsan,KTB
khoangsan,BMJ
khoangsan,KSQ
khoangsan,MIM
khoangsan,VMI
khoangsan,ALV
khoangsan,KSK
khoangsan,KHB
khoangsan,CMI
khoangsan,MIC
khoangsan,LCM
khoangsan,KHD
khoangsan,KCB
khoangsan,KHL
nangluong,DNH
nangluong,DTK
nangluong,NT2
nangluong,PPC
nangluong,HND
nangluong,QTP
nangluong,VSH
nangluong,PGD
nangluong,CHP
nangluong,TMP
nangluong,SHP
nangluong,SJD
nangluong,VPD
nangluong,TBC
nangluong,PGS
nangluong,SBA
nangluong,S4A
nangluong,SEB
nangluong,PGC
nangluong,ND2
nangluong,CNG
nangluong,GHC
nangluong,BTP
nangluong,ISH
nangluong,DRL
nangluong,PIC
nangluong,HJS
nangluong,KHP
nangluong,QPH
nangluong,GSM
nangluong,EIC
nangluong,TDB
nangluong,PCG
nangluong,PVG
nangluong,SCH
nangluong,NBP
nangluong,SP2
nangluong,PPS
nangluong,HPD
nangluong,CJC
nangluong,UEM
nangluong,EAD
nangluong,PEC
nganhang,VCB
nganhang,CTG
nganhang,BID
nganhang,MBB
nganhang,BVH
nganhang,ACB
nganhang,STB
nganhang,EIB
nganhang,VIB
nganhang,SHB
nganhang,PVI
nganhang,BIC
nganhang,BMI
nganhang,VNR
nganhang,NVB
nganhang,PGI
nganhang,PTI
nganhang,ABI
nganhang,MIG
thep,HPG
thep,HSG
thep,TVN
thep,NKG
thep,POM
thep,DTL
thep,VIS
thep,TIS
thep,SMC
thep,TLH
thep,VGS
thep,TTS
thep,HMC
thep,DNS
thep,DNY
thep,VCA
thep,TDS
thep,TNS
thep,SSM
thep,KMT
thep,KKC
thep,TNB
thep,VDT
thep,BVG
thep,HLA
daukhi,GAS
daukhi,PLX
daukhi,PVS
daukhi,PVD
daukhi,PVI
daukhi,PVT
daukhi,PLC
daukhi,PGS
daukhi,PET
daukhi,PVX
daukhi,PXS
daukhi,PVC
daukhi,POS
daukhi,PVB
daukhi,PTL
daukhi,ASP
daukhi,PCT
daukhi,PVE
daukhi,PXL
daukhi,PPS
daukhi,PVR
daukhi,PXT
daukhi,PXI
daukhi,PFL
daukhi,PDC
daukhi,APP
daukhi,PPE
daukhi,PXA
daukhi,PSG
daukhi,PVA
nhua,BMP
nhua,NTP
nhua,AAA
nhua,DNP
nhua,INN
nhua,SVI
nhua,RDP
nhua,DAG
nhua,HII
nhua,MCP
nhua,SPP
nhua,TPC
nhua,VBC
nhua,TPP
nhua,VKC
nhua,HNP
nhua,SPA
nhua,VNP
nhua,NSG
nhua,DTT
nhua,PMP
nhua,BBS
nhua,PBP
nhua,BPC
nhua,VPK
nhua,HPB
nhua,BXH
nhua,DPC
nhua,HKP
nhua,HBD
nhua,BTG
phanbon,DPM
phanbon,DCM
phanbon,BFC
phanbon,DGC
phanbon,LAS
phanbon,SFG
phanbon,TSC
phanbon,VAF
phanbon,PSW
phanbon,NFC
phanbon,PMB
phanbon,PSE
phanbon,PCE
sxkd,VGT
sxkd,TLG
sxkd,VGG
sxkd,PAC
sxkd,SAM
sxkd,NSC
sxkd,RAL
sxkd,TCM
sxkd,LIX
sxkd,DQC
sxkd,DHC
sxkd,TTF
sxkd,SSC
sxkd,TIX
sxkd,EVE
sxkd,GDT
sxkd,NET
sxkd,TNG
sxkd,SHI
sxkd,TVT
sxkd,GMC
sxkd,CTB
sxkd,KMR
sxkd,HDM
sxkd,HAP
sxkd,VTB
sxkd,VID
sxkd,TET
sxkd,GTA
sxkd,SAV
sxkd,DCS
sxkd,QHD
sxkd,SFN
sxkd,NAG
sxkd,PV2
sxkd,GVT
sxkd,HDA
sxkd,GTD
sxkd,SDN
sxkd,TSB
sxkd,MKT
sxkd,MHL
sxkd,VBH
sxkd,BDF
sxkd,KSD
sxkd,PTM
sxkd,NPS
sxkd,G20
sxkd,DZM
sxkd,SSF
thucpham,VNM
thucpham,SAB
thucpham,MSN
thucpham,MCH
thucpham,BHN
thucpham,QNS
thucpham,SBT
thucpham,KDC
thucpham,VCF
thucpham,GTN
thucpham,VSN
thucpham,DBC
thucpham,VOC
thucpham,TAC
thucpham,SLS
thucpham,BBC
thucpham,BSQ
thucpham,SMB
thucpham,FMC
thucpham,IFS
thucpham,HNF
thucpham,CLC
thucpham,HHC
thucpham,LSS
thucpham,WSB
thucpham,CMF
thucpham,BSL
thucpham,NAF
thucpham,SAF
thucpham,VDL
thucpham,SGC
thucpham,SCD
thucpham,FCS
thucpham,THB
thucpham,S33
thucpham,LAF
thucpham,HAD
thucpham,CAP
thucpham,CMN
thucpham,HKB
thucpham,MCF
thucpham,KTS
thucpham,CAN
thucpham,AFX
thucpham,BLT
thucpham,BSD
thucpham,HAT
thucpham,VTL
thucpham,NST
thucpham,HNM
thucpham,FCC
thucpham,BTB
thucpham,ANT
thucpham,IFC
thucpham,NDF
thuongmai,MWG
thuongmai,PNJ
thuongmai,SID
thuongmai,SVC
thuongmai,SMC
thuongmai,PET
thuongmai,TAG
thuongmai,DGW
thuongmai,HDC
thuongmai,HLG
thuongmai,GIL
thuongmai,BTT
thuongmai,TNA
thuongmai,HTG
thuongmai,KHA
thuongmai,HTC
thuongmai,CMV
thuongmai,CCI
thuongmai,VHG
thuongmai,SMA
thuongmai,TMC
thuongmai,PIT
thuongmai,HTT
thuongmai,CMS
thuongmai,TH1
thuongmai,CKV
thuysan,VHC
thuysan,MPC
thuysan,SEA
thuysan,HVG
thuysan,ANV
thuysan,FMC
thuysan,DAT
thuysan,SSN
thuysan,ABT
thuysan,SJ1
thuysan,AGF
thuysan,ACL
thuysan,SPH
thuysan,AAM
thuysan,TS4
thuysan,SPD
thuysan,SNC
thuysan,CMX
thuysan,BLF
thuysan,ICF
thuysan,NGC
thuysan,AVF
thuysan,ATA
thuysan,SCO
thuysan,VNH
vantai,GMD
vantai,DL1
vantai,PVT
vantai,PHP
vantai,DVP
vantai,VSC
vantai,SGP
vantai,TMS
vantai,CDN
vantai,PDN
vantai,VNS
vantai,CLL
vantai,VTO
vantai,HAH
vantai,BSG
vantai,TCL
vantai,VIP
vantai,VTV
vantai,VOS
vantai,PVP
vantai,CCR
vantai,GSP
vantai,WCS
vantai,SFI
vantai,DXP
vantai,VNF
vantai,HRT
vantai,PSN
vantai,CMP
vantai,CNH
vantai,CCT
vantai,HTC
vantai,TCW
vantai,TCO
vantai,VFC
vantai,VGP
vantai,MHC
vantai,PJT
vantai,VNT
vantai,HHG
vantai,PCT
vantai,NAP
vantai,HTV
vantai,IST
vantai,VFR
vantai,VNL
vantai,PJC
vantai,PSP
vantai,MAC
vantai,QSP
vantai,PSC
vantai,STT
vantai,TJC
vantai,TNP
vantai,QTC
vantai,DVC
vantai,DNL
vantai,SAC
vantai,VST
vantai,MNC
vantai,VSP
vantai,CCP
vantai,HCT
vantai,PGT
vantai,PTS
vantai,VNA
vantai,PRC
vantai,GTT
vantai,HDO
vantai,VSG
vantai,DDM
vlxd,VCS
vlxd,VGC
vlxd,HT1
vlxd,CTI
vlxd,CVT
vlxd,NNC
vlxd,MVC
vlxd,VHL
vlxd,BCC
vlxd,BTS
vlxd,VTV
vlxd,DHA
vlxd,HOM
vlxd,VIT
vlxd,CCM
vlxd,ACC
vlxd,PX1
vlxd,CQT
vlxd,CLH
vlxd,DIC
vlxd,HVX
vlxd,GMX
vlxd,DTC
vlxd,TTC
vlxd,HCC
vlxd,YBC
vlxd,BTD
vlxd,TLT
vlxd,ACE
vlxd,QNC
vlxd,NHC
vlxd,BBS
vlxd,MCC
vlxd,TXM
vlxd,VTA
vlxd,SDN
vlxd,DC4
vlxd,PTE
vlxd,SCJ
vlxd,SCL
vlxd,TMX
vlxd,NAV
vlxd,KCE
vlxd,VCX
vlxd,DCT
vlxd,DXV
vlxd,VXB
vlxd,TCR
vlxd,SDY
vlxd,VTS
vlxd,LCC
vlxd,BHT
vlxd,HLY
vlxd,TBX
vlxd,BHC
vlxd,DAC
vlxd,PPG
vlxd,CYC
xaydung,ROS
xaydung,CTD
xaydung,VCG
xaydung,DXG
xaydung,DIG
xaydung,HBC
xaydung,BCI
xaydung,CC1
xaydung,VLB
xaydung,HAN
xaydung,VCP
xaydung,LIC
xaydung,TV2
xaydung,CTX
xaydung,VNE
xaydung,C32
xaydung,THG
xaydung,VC3
xaydung,TV1
xaydung,SC5
xaydung,HC3
xaydung,TKC
xaydung,C47
xaydung,SDU
xaydung,VC2
xaydung,VC7
xaydung,ICC
xaydung,RCD
xaydung,VC9
xaydung,ICG
xaydung,ICN
xaydung,PTC
xaydung,LAI
xaydung,VC1
xaydung,HU4
xaydung,HU3
xaydung,MST
xaydung,VE9
xaydung,CEG
xaydung,C92
dtpt,SDI
dtpt,DVP
dtpt,FIT
dtpt,IDI
dtpt,SAM
dtpt,HHS
dtpt,SJF
dtpt,SEB
dtpt,ND2
dtpt,FDC
dtpt,FTM
dtpt,TCD
dtpt,LGL
dtpt,HLD
dtpt,EID
dtpt,SED
dtpt,CCL
dtpt,KSH
dtpt,VCR
dtpt,BII
dtpt,CLG
dtpt,DAD
dtpt,FID
dtpt,VLA
dtxd,CII
dtxd,LGC
dtxd,BCI
dtxd,HUT
dtxd,ASM
dtxd,VCP
dtxd,CEE
dtxd,CTX
dtxd,VNE
dtxd,C32
dtxd,THG
dtxd,HTI
dtxd,RGC
dtxd,CSC
dtxd,SDU
dtxd,LHC
dtxd,VSI
dtxd,PXL
dtxd,BCE
dtxd,CCL
dtxd,DND
dtxd,ICN
dtxd,PTC
dtxd,LAI
dtxd,HU4
dtxd,HU3
dtxd,HU1
dtxd,CT3
dtxd,VE9
dtxd,L18
dtxd,PVV
dtxd,ICI
dtxd,TTZ
dtxd,LUT
dtxd,CI5
dtxd,TNY
dtxd,NTB
dtxd,MCI
dtxd,VHH
dtxd,BHT
dtxd,SDX
dtxd,QCC
dtxd,VES
dtxd,I10
